t	G nocrash	G 5csd	G RSSsg
0	0	0	0
1	0	0	0
2	0	0	0
3	0	0	0
4	0	0	0
5	0	0	0
6	0	0	0
7	0	0	0
8	0	0	0
9	0	0	0
10	0	0	0
11	0	0	0
12	0	0	0
13	0	0	0
14	0	0	0
15	0	0	0
16	0	0	0
17	0	0	0
18	0	0	0
19	0	0	0
20	0	0	0
21	0	0	0
22	0	0	0
23	0	0	0
24	0	0	0
25	0	0	0
26	0	0	0
27	0	0	0
28	0	0	0
29	0	0	0
30	0	0	0
31	0	0	0
32	0	0	0
33	0	0	0
34	0	0	0
35	0	0	0
36	0	0	0
37	0	0	0
38	0	0	0
39	0	0	0
40	0	0	-0,87
41	0	0	-0,87
42	0	0	-0,87
43	0	0	-0,87
44	0	0	-0,87
45	0	0	-0,87
46	0	0	-0,87
47	0	0	-0,87
48	0	0	-0,87
49	0	0	-0,87
50	0	0	-0,87
51	0	0	-0,87
52	0	0	-0,87
53	0	0	-0,87
54	0	0	-0,87
55	0	0	-0,87
56	0	0	-0,87
57	0	0	-0,87
58	0	0	-0,87
59	0	0	-0,89
60	0	0	-0,95
61	0	0	-0,95
62	0	0	-0,95
63	0	0	-0,95
64	0	0	-0,95
65	0	0	-0,95
66	0	0	-0,95
67	0	0	-0,95
68	0	0	-0,95
69	0	0	-0,95
70	0	0	-0,95
71	0	0	-0,95
72	0	0	-0,95
73	0	0	-0,95
74	0	0	-0,95
75	0	0	-0,95
76	0	0	-0,95
77	0	0	-0,95
78	0	0	-0,95
79	0	0	-0,95
80	0	0	-0,95
81	0	0	-0,95
82	0	0	-0,95
83	0	0	-0,95
84	0	0	-0,95
85	0	0	-0,95
86	0	0	-0,95
87	0	0	-0,95
88	0	0	-0,95
89	0	0	-0,95
90	0	0	-0,95
91	0	0	-0,95
92	0	0	-0,95
93	0	0	-0,95
94	0	0	-0,95
95	0	0	-0,95
96	0	0	-0,95
97	0	0	-0,95
98	0	0	-0,95
99	0	0	-0,95
100	0	0	-0,95
101	0	0	-0,95
102	0	0	-0,95
103	0	0	-0,95
104	0	0	-0,95
105	0	0	-0,95
106	0	0	-0,95
107	0	0	-0,95
108	0	0	-0,95
109	0	0	-0,95
110	0	0	-0,95
111	0	0	-0,95
112	0	0	-0,95
113	0	0	-0,95
114	0	0	-0,95
115	0	0	-0,95
116	0	0	-0,95
117	0	0	-0,95
118	0	0	-0,95
119	0	0	-0,95
120	0	0	-0,95
121	0	0	-0,95
122	0	0	-0,95
123	0	0	-0,95
124	0	0	-0,95
125	0	0	-0,95
126	0	0	-0,95
127	0	0	-0,95
128	0	0	-0,95
129	0	0	-0,95
130	0	0	-0,95
131	0	0	-0,95
132	0	0	-0,95
133	0	0	-0,95
134	0	0	-0,95
135	0	0	-0,95
136	0	0	-0,95
137	0	0	-0,95
138	0	0	-0,95
139	0	0	-0,95
140	0	0	-0,95
141	0	0	-0,95
142	0	0	-0,95
143	0	0	-0,95
144	0	0	-0,95
145	0	0	-0,95
146	0	0	-0,95
147	0	0	-0,95
148	0	0	-0,95
149	0	0	-0,95
150	0	0	-0,95
151	0	0	-0,95
152	0	0	-0,95
153	0	0	-0,95
154	0	0	-0,95
155	0	0	-0,95
156	0	0	-0,95
157	0	0	-0,95
158	0	0	-0,95
159	0	0	-0,95
160	0	0	-0,95
161	0	0	-0,95
162	0	0	-0,95
163	0	0	-0,95
164	0	0	-0,95
165	0	0	-0,95
166	0	0	-0,95
167	0	0	-0,95
168	0	0	-0,95
169	0	0	-0,95
170	0	0	-0,95
171	0	0	-0,95
172	0	0	-0,95
173	0	0	-0,95
174	0	0	-0,95
175	0	0	-0,95
176	0	0	-0,95
177	0	0	-0,95
178	0	0	-0,95
179	0	0	-0,95
180	0	0	-0,95
181	0	0	-0,95
182	0	0	-0,95
183	0	0	-0,95
184	0	0	-0,95
185	0	0	-0,95
186	0	0	-0,95
187	0	0	-0,95
188	0	0	-0,95
189	0	0	-0,95
190	0	0	-0,95
191	0	0	-0,95
192	0	0	-0,95
193	0	0	-0,95
194	0	0	-0,95
195	0	0	-0,95
196	0	0	-0,95
197	0	0	-0,95
198	0	0	-0,95
199	0	0	-0,95
200	0	0	-0,95
201	0	0	-0,95
202	0	0	-0,95
203	0	0	-0,95
204	0	0	-0,95
205	0	0	-0,95
206	0	0	-0,95
207	0	0	-0,95
208	0	0	-0,95
209	0	0	-0,95
210	0	0	-0,95
211	0	0	-0,95
212	0	0	-0,95
213	0	0	-0,95
214	0	0	-0,95
215	0	0	-0,95
216	0	0	-0,95
217	0	0	-0,95
218	0	0	-0,95
219	0	0	-0,95
220	0	0	-0,95
221	0	0	-0,95
222	0	0	-0,95
223	0	0	-0,95
224	0	0	-0,95
225	0	0	-0,95
226	0	0	-0,95
227	0	0	-0,95
228	0	0	-0,95
229	0	0	-0,95
230	0	0	-0,95
231	0	0	-0,95
232	0	0	-0,95
233	0	0	-0,95
234	0	0	-0,95
235	0	0	-0,95
236	0	0	-0,95
237	0	0	-0,95
238	0	0	-0,95
239	0	0	-0,95
240	0	0	-0,95
241	0	0	-0,95
242	0	0	-0,95
243	0	0	-0,95
244	0	0	-0,95
245	0	0	-0,95
246	0	0	-0,95
247	0	0	-0,95
248	0	0	-0,95
249	0	0	-0,95
250	0	0	-0,95
251	0	0	-0,95
252	0	0	-0,95
253	0	0	-0,95
254	0	0	-0,95
255	0	0	-0,95
256	0	0	-0,95
257	0	0	-0,95
258	0	0	-0,95
259	0	0	-0,95
260	0	0	-0,95
261	0	0	-0,95
262	0	0	-0,95
263	0	0	-0,95
264	0	0	-0,95
265	0	0	-0,95
266	0	0	-0,95
267	0	0	-0,95
268	0	0	-0,95
269	0	0	-0,95
270	0	0	-0,95
271	0	0	-0,95
272	0	0	-0,95
273	0	0	-0,95
274	0	0	-0,95
275	0	0	-0,95
276	0	0	-0,95
277	0	0	-0,95
278	0	0	-0,95
279	0	0	-0,95
280	0	0	-0,95
281	0	0	-0,95
282	0	0	-0,95
283	0	0	-0,95
284	0	0	-0,95
285	0	0	-0,95
286	0	0	-0,95
287	0	0	-0,95
288	0	0	-0,95
289	0	0	-0,95
290	0	0	-0,95
291	0	0	-0,95
292	0	0	-0,95
293	0	0	-0,95
294	0	0	-0,95
295	0	0	-0,95
296	0	0	-0,95
297	0	0	-0,95
298	0	0	-0,95
299	0	0	-0,95
300	0	0	-0,95
301	0	0	-0,95
302	0	0	-0,95
303	0	0	-0,95
304	0	0	-0,95
305	0	0	-0,95
306	0	0	-0,95
307	0	0	-0,95
308	0	0	-0,95
309	0	0	-0,95
310	0	0	-0,95
311	0	0	-0,95
312	0	0	-0,95
313	0	0	-0,95
314	0	0	-0,95
315	0	0	-0,95
316	0	0	-0,95
317	0	0	-0,95
318	0	0	-0,95
319	0	0	-0,95
320	0	0	-0,95
321	0	0	-0,95
322	0	0	-0,95
323	0	0	-0,95
324	0	0	-0,95
325	0	0	-0,95
326	0	0	-0,95
327	0	0	-0,95
328	0	0	-0,95
329	0	0	-0,95
330	0	0	-0,95
331	0	0	-0,95
332	0	0	-0,95
333	0	0	-0,95
334	0	0	-0,95
335	0	0	-0,95
336	0	0	-0,95
337	0	0	-0,95
338	0	0	-0,95
339	0	0	-0,95
340	0	0	-0,95
341	0	0	-0,95
342	0	0	-0,95
343	0	0	-0,95
344	0	0	-0,95
345	0	0	-0,95
346	0	0	-0,95
347	0	0	-0,95
348	0	0	-0,95
349	0	0	-0,95
350	0	0	-0,95
351	0	0	-0,95
352	0	0	-0,95
353	0	0	-0,95
354	0	0	-0,95
355	0	0	-0,95
356	0	0	-0,95
357	0	0	-0,95
358	0	0	-0,95
359	0	0	-0,95
360	0	0	-0,95
361	0	0	-0,95
362	0	0	-0,95
363	0	0	-0,95
364	0	0	-0,95
365	0	0	-0,95
366	0	0	-0,95
367	0	0	-0,95
368	0	0	-0,95
369	0	0	-0,95
370	0	0	-0,95
371	0	0	-0,95
372	0	0	-0,95
373	0	0	-0,95
374	0	0	-0,95
375	0	0	-0,95
376	0	0	-0,95
377	0	0	-0,95
378	0	0	-0,95
379	0	0	-0,95
380	0	0	-0,95
381	0	0	-0,95
382	0	0	-0,95
383	0	0	-0,95
384	0	0	-0,95
385	0	0	-0,95
386	0	0	-0,95
387	0	0	-0,95
388	0	0	-0,95
389	0	0	-0,95
390	0	0	-0,95
391	0	0	-0,95
392	0	0	-0,95
393	0	0	-0,95
394	0	0	-0,95
395	0	0	-0,95
396	0	0	-0,95
397	0	0	-0,95
398	0	0	-0,95
399	0	0	-0,95
400	0	0	-0,95
401	0	0	-0,95
402	0	0	-0,95
403	0	-0,005909	-0,95
404	0	-0,013881	-0,95
405	0	-0,022095	-0,95
406	0	-0,029041	-0,95
407	0	-0,034862	-0,95
408	0	-0,039681	-0,95
409	0	-0,04361	-0,95
410	0	-0,046748	-0,95
411	0	-0,049182	-0,95
412	0	-0,05099	-0,95
413	0	-0,052242	-0,95
414	0	-0,052999	-0,95
415	0	-0,053317	-0,95
416	0	-0,053317	-0,95
417	0	-0,053317	-0,95
418	0	-0,053317	-0,95
419	0	-0,053317	-0,95
420	0	-0,053317	-0,95
421	0	-0,053317	-0,95
422	0	-0,053317	-0,95
423	0	-0,053317	-0,95
424	0	-0,053317	-0,95
425	0	-0,053317	-0,95
426	0	-0,053317	-0,95
427	0	-0,053317	-0,95
428	0	-0,053317	-0,95
429	0	-0,053317	-0,95
430	0	-0,053317	-0,95
431	0	-0,053317	-0,95
432	0	-0,053317	-0,95
433	0	-0,053317	-0,95
434	0	-0,053317	-0,95
435	0	-0,053317	-0,95
436	0	-0,053317	-0,95
437	0	-0,053317	-0,95
438	0	-0,053317	-0,95
439	0	-0,053317	-0,95
440	0	-0,053317	-0,95
441	0	-0,053317	-0,95
442	0	-0,053317	-0,95
443	0	-0,053317	-0,95
444	0	-0,053317	-0,95
445	0	-0,053317	-0,95
446	0	-0,053317	-0,95
447	0	-0,057159	-0,95
448	0	-0,064442	-0,95
449	0	-0,072036	-0,95
450	0	-0,079906	-0,95
451	0	-0,086539	-0,95
452	0	-0,092074	-0,95
453	0	-0,096632	-0,95
454	0	-0,100321	-0,95
455	0	-0,103238	-0,95
456	0	-0,105469	-0,95
457	0	-0,107088	-0,95
458	0	-0,108166	-0,95
459	0	-0,10876	-0,95
460	0	-0,108925	-0,95
461	0	-0,108925	-0,95
462	0	-0,108925	-0,95
463	0	-0,108925	-0,95
464	0	-0,108925	-0,95
465	0	-0,108925	-0,95
466	0	-0,108925	-0,95
467	0	-0,108925	-0,95
468	0	-0,108925	-0,95
469	0	-0,108925	-0,95
470	0	-0,108925	-0,95
471	0	-0,108925	-0,95
472	0	-0,108925	-0,95
473	0	-0,108925	-0,95
474	0	-0,108925	-0,95
475	0	-0,108925	-0,95
476	0	-0,108925	-0,95
477	0	-0,108925	-0,95
478	0	-0,108925	-0,95
479	0	-0,108925	-0,95
480	0	-0,108925	-0,95
481	0	-0,108925	-0,95
482	0	-0,108925	-0,95
483	0	-0,108925	-0,95
484	0	-0,108925	-0,95
485	0	-0,108925	-0,95
486	0	-0,108925	-0,95
487	0	-0,108925	-0,95
488	0	-0,108925	-0,95
489	0	-0,108925	-0,95
490	0	-0,108925	-0,95
491	0	-0,108925	-0,95
492	0	-0,109969	-0,95
493	0	-0,117184	-0,95
494	0	-0,12471	-0,95
495	0	-0,132513	-0,95
496	0	-0,139079	-0,95
497	0	-0,144547	-0,95
498	0	-0,149038	-0,95
499	0	-0,152661	-0,95
500	0	-0,155511	-0,95
501	0	-0,157675	-0,95
502	0	-0,159229	-0,95
503	0	-0,16024	-0,95
504	0	-0,160768	-0,95
505	0	-0,160867	-0,95
506	0	-0,160867	-0,95
507	0	-0,160867	-0,95
508	0	-0,160867	-0,95
509	0	-0,160867	-0,95
510	0	-0,160867	-0,95
511	0	-0,160867	-0,95
512	0	-0,160867	-0,95
513	0	-0,160867	-0,95
514	0	-0,160867	-0,95
515	0	-0,160867	-0,95
516	0	-0,160867	-0,95
517	0	-0,160867	-0,95
518	0	-0,160867	-0,95
519	0	-0,160867	-0,95
520	0	-0,160867	-0,95
521	0	-0,160867	-0,95
522	0	-0,160867	-0,95
523	0	-0,160867	-0,95
524	0	-0,160867	-0,95
525	0	-0,160867	-0,95
526	0	-0,160867	-0,95
527	0	-0,160867	-0,95
528	0	-0,160867	-0,95
529	0	-0,160867	-0,95
530	0	-0,160867	-0,95
531	0	-0,160867	-0,95
532	0	-0,160867	-0,95
533	0	-0,160867	-0,95
534	0	-0,160867	-0,95
535	0	-0,160867	-0,95
536	0	-0,160867	-0,95
537	0	-0,160867	-0,95
538	0	-0,166979	-0,95
539	0	-0,174441	-0,95
540	0	-0,182179	-0,95
541	0	-0,188682	-0,95
542	0	-0,194085	-0,95
543	0	-0,198512	-0,95
544	0	-0,202071	-0,95
545	0	-0,204857	-0,95
546	0	-0,206957	-0,95
547	0	-0,208446	-0,95
548	0	-0,209393	-0,95
549	0	-0,209857	-0,95
550	0	-0,209893	-0,95
551	0	-0,209893	-0,95
552	0	-0,209893	-0,95
553	0	-0,209893	-0,95
554	0	-0,209893	-0,95
555	0	-0,209893	-0,95
556	0	-0,209893	-0,95
557	0	-0,209893	-0,95
558	0	-0,209893	-0,95
559	0	-0,209893	-0,95
560	0	-0,209893	-0,95
561	0	-0,209893	-0,95
562	0	-0,209893	-0,95
563	0	-0,209893	-0,95
564	0	-0,209893	-0,95
565	0	-0,209893	-0,95
566	0	-0,209893	-0,95
567	0	-0,209893	-0,95
568	0	-0,209893	-0,95
569	0	-0,209893	-0,95
570	0	-0,209893	-0,95
571	0	-0,209893	-0,95
572	0	-0,209893	-0,95
573	0	-0,209893	-0,95
574	0	-0,209893	-0,95
575	0	-0,209893	-0,95
576	0	-0,209893	-0,95
577	0	-0,209893	-0,95
578	0	-0,209893	-0,95
579	0	-0,209893	-0,95
580	0	-0,209893	-0,95
581	0	-0,209893	-0,95
582	0	-0,209893	-0,95
583	0	-0,209893	-0,95
584	0	-0,209893	-0,95
585	0	-0,209893	-0,95
586	0	-0,209893	-0,95
587	0	-0,209893	-0,95
588	0	-0,209893	-0,95
589	0	-0,209893	-0,95
590	0	-0,209893	-0,95
591	0	-0,209893	-0,95
592	0	-0,209893	-0,95
593	0	-0,209893	-0,95
594	0	-0,209893	-0,95
595	0	-0,209893	-0,95
596	0	-0,209893	-0,95
597	0	-0,209893	-0,95
598	0	-0,209893	-0,95
599	0	-0,209893	-0,95
600	0	-0,209893	-0,95
601	0	-0,209893	-0,95
602	0	-0,209893	-0,95
603	0	-0,209893	-0,95
604	0	-0,209893	-0,95
605	0	-0,209893	-0,95
606	0	-0,209893	-0,95
607	0	-0,209893	-0,95
608	0	-0,209893	-0,95
609	0	-0,209893	-0,95
610	0	-0,209893	-0,95
611	0	-0,209893	-0,95
612	0	-0,209893	-0,95
613	0	-0,209893	-0,95
614	0	-0,209893	-0,95
615	0	-0,209893	-0,95
616	0	-0,209893	-0,95
617	0	-0,209893	-0,95
618	0	-0,209893	-0,95
619	0	-0,209893	-0,95
620	0	-0,209893	-0,95
621	0	-0,209893	-0,95
622	0	-0,209893	-0,95
623	0	-0,209893	-0,95
624	0	-0,209893	-0,95
625	0	-0,209893	-0,95
626	0	-0,209893	-0,95
627	0	-0,209893	-0,95
628	0	-0,209893	-0,95
629	0	-0,209893	-0,95
630	0	-0,209893	-0,95
631	0	-0,209893	-0,95
632	0	-0,209893	-0,95
633	0	-0,209893	-0,95
634	0	-0,209893	-0,95
635	0	-0,209893	-0,95
636	0	-0,209893	-0,95
637	0	-0,209893	-0,95
638	0	-0,209893	-0,95
639	0	-0,209893	-0,95
640	0	-0,209893	-0,95
641	0	-0,209893	-0,95
642	0	-0,209893	-0,95
643	0	-0,209893	-0,95
644	0	-0,209893	-0,95
645	0	-0,209893	-0,95
646	0	-0,209893	-0,95
647	0	-0,209893	-0,95
648	0	-0,209893	-0,95
649	0	-0,209893	-0,95
650	0	-0,209893	-0,95
651	0	-0,209893	-0,95
652	0	-0,209893	-0,95
653	0	-0,209893	-0,95
654	0	-0,209893	-0,95
655	0	-0,209893	-0,95
656	0	-0,209893	-0,95
657	0	-0,209893	-0,95
658	0	-0,209893	-0,95
659	0	-0,209893	-0,95
660	0	-0,209893	-0,95
661	0	-0,209893	-0,95
662	0	-0,209893	-0,95
663	0	-0,209893	-0,95
664	0	-0,209893	-0,95
665	0	-0,209893	-0,95
666	0	-0,209893	-0,95
667	0	-0,209893	-0,95
668	0	-0,209893	-0,95
669	0	-0,209893	-0,95
670	0	-0,209893	-0,95
671	0	-0,209893	-0,95
672	0	-0,209893	-0,95
673	0	-0,209893	-0,95
674	0	-0,209893	-0,95
675	0	-0,209893	-0,95
676	0	-0,209893	-0,95
677	0	-0,209893	-0,95
678	0	-0,209893	-0,95
679	0	-0,209893	-0,95
680	0	-0,209893	-0,95
681	0	-0,209893	-0,95
682	0	-0,209893	-0,95
683	0	-0,209893	-0,95
684	0	-0,209893	-0,95
685	0	-0,209893	-0,95
686	0	-0,209893	-0,95
687	0	-0,209893	-0,95
688	0	-0,209893	-0,95
689	0	-0,209893	-0,95
690	0	-0,209893	-0,95
691	0	-0,209893	-0,95
692	0	-0,209893	-0,95
693	0	-0,209893	-0,95
694	0	-0,209893	-0,95
695	0	-0,209893	-0,95
696	0	-0,209893	-0,95
697	0	-0,209893	-0,95
698	0	-0,209893	-0,95
699	0	-0,209893	-0,95
700	0	-0,209893	-0,95
701	0	-0,209893	-0,95
702	0	-0,209893	-0,95
703	0	-0,209893	-0,95
704	0	-0,209893	-0,95
705	0	-0,209893	-0,95
706	0	-0,209893	-0,95
707	0	-0,209893	-0,95
708	0	-0,209893	-0,95
709	0	-0,209893	-0,95
710	0	-0,209893	-0,95
711	0	-0,209893	-0,95
712	0	-0,209893	-0,95
713	0	-0,209893	-0,95
714	0	-0,209893	-0,95
715	0	-0,209893	-0,95
716	0	-0,209893	-0,95
717	0	-0,209893	-0,95
718	0	-0,209893	-0,95
719	0	-0,209893	-0,95
720	0	-0,209893	-0,95
721	0	-0,209893	-0,95
722	0	-0,209893	-0,95
723	0	-0,209893	-0,95
724	0	-0,209893	-0,95
725	0	-0,209893	-0,95
726	0	-0,209893	-0,95
727	0	-0,209893	-0,95
728	0	-0,209893	-0,95
729	0	-0,209893	-0,95
730	0	-0,209893	-0,95
731	0	-0,209893	-0,95
732	0	-0,209893	-0,95
733	0	-0,209893	-0,95
734	0	-0,209893	-0,95
735	0	-0,209893	-0,95
736	0	-0,209893	-0,95
737	0	-0,209893	-0,95
738	0	-0,209893	-0,95
739	0	-0,209893	-0,95
740	0	-0,209893	-0,95
741	0	-0,209893	-0,95
742	0	-0,209893	-0,95
743	0	-0,209893	-0,95
744	0	-0,209893	-0,95
745	0	-0,209893	-0,95
746	0	-0,209893	-0,95
747	0	-0,209893	-0,95
748	0	-0,209893	-0,95
749	0	-0,209893	-0,95
750	0	-0,209893	-0,95
751	0	-0,209893	-0,95
752	0	-0,209893	-0,95
753	0	-0,209893	-0,95
754	0	-0,209893	-0,95
755	0	-0,209893	-0,95
756	0	-0,209893	-0,95
757	0	-0,209893	-0,95
758	0	-0,209893	-0,95
759	0	-0,209893	-0,95
760	0	-0,209893	-0,95
761	0	-0,209893	-0,95
762	0	-0,209893	-0,95
763	0	-0,209893	-0,95
764	0	-0,209893	-0,95
765	0	-0,209893	-0,95
766	0	-0,209893	-0,95
767	0	-0,209893	-0,95
768	0	-0,209893	-0,95
769	0	-0,209893	-0,95
770	0	-0,209893	-0,95
771	0	-0,209893	-0,95
772	0	-0,209893	-0,95
773	0	-0,209893	-0,95
774	0	-0,209893	-0,95
775	0	-0,209893	-0,95
776	0	-0,209893	-0,95
777	0	-0,209893	-0,95
778	0	-0,209893	-0,95
779	0	-0,209893	-0,95
780	0	-0,209893	-0,95
781	0	-0,209893	-0,95
782	0	-0,209893	-0,95
783	0	-0,209893	-0,95
784	0	-0,209893	-0,95
785	0	-0,209893	-0,95
786	0	-0,209893	-0,95
787	0	-0,209893	-0,95
788	0	-0,209893	-0,95
789	0	-0,209893	-0,95
790	0	-0,209893	-0,95
791	0	-0,209893	-0,95
792	0	-0,209893	-0,95
793	0	-0,209893	-0,95
794	0	-0,209893	-0,95
795	0	-0,209893	-0,95
796	0	-0,209893	-0,95
797	0	-0,209893	-0,95
798	0	-0,209893	-0,95
799	0	-0,209893	-0,95
800	0	-0,209893	-0,95
801	0	-0,209893	-0,95
802	0	-0,209893	-0,95
803	0	-0,209893	-0,95
804	0	-0,209893	-0,95
805	0	-0,209893	-0,95
806	0	-0,209893	-0,95
807	0	-0,209893	-0,95
808	0	-0,209893	-0,95
809	0	-0,209893	-0,95
810	0	-0,209893	-0,95
811	0	-0,209893	-0,95
812	0	-0,209893	-0,95
813	0	-0,209893	-0,95
814	0	-0,209893	-0,95
815	0	-0,209893	-0,95
816	0	-0,209893	-0,95
817	0	-0,209893	-0,95
818	0	-0,209893	-0,95
819	0	-0,209893	-0,95
820	0	-0,209893	-0,95
821	0	-0,209893	-0,95
822	0	-0,209893	-0,95
823	0	-0,209893	-0,95
824	0	-0,209893	-0,95
825	0	-0,209893	-0,95
826	0	-0,209893	-0,95
827	0	-0,209893	-0,95
828	0	-0,209893	-0,95
829	0	-0,209893	-0,95
830	0	-0,209893	-0,95
831	0	-0,209893	-0,95
832	0	-0,209893	-0,95
833	0	-0,209893	-0,95
834	0	-0,209893	-0,95
835	0	-0,209893	-0,95
836	0	-0,209893	-0,95
837	0	-0,209893	-0,95
838	0	-0,209893	-0,95
839	0	-0,209893	-0,95
840	0	-0,209893	-0,95
841	0	-0,209893	-0,95
842	0	-0,209893	-0,95
843	0	-0,209893	-0,95
844	0	-0,209893	-0,95
845	0	-0,209893	-0,95
846	0	-0,209893	-0,95
847	0	-0,209893	-0,95
848	0	-0,209893	-0,95
849	0	-0,209893	-0,95
850	0	-0,209893	-0,95
851	0	-0,209893	-0,95
852	0	-0,209893	-0,95
853	0	-0,209893	-0,95
854	0	-0,209893	-0,95
855	0	-0,209893	-0,95
856	0	-0,209893	-0,95
857	0	-0,209893	-0,95
858	0	-0,209893	-0,95
859	0	-0,209893	-0,95
860	0	-0,209893	-0,95
861	0	-0,209893	-0,95
862	0	-0,209893	-0,95
863	0	-0,209893	-0,95
864	0	-0,209893	-0,95
865	0	-0,209893	-0,95
866	0	-0,209893	-0,95
867	0	-0,209893	-0,95
868	0	-0,209893	-0,95
869	0	-0,209893	-0,95
870	0	-0,209893	-0,95
871	0	-0,209893	-0,95
872	0	-0,209893	-0,95
873	0	-0,209893	-0,95
874	0	-0,209893	-0,95
875	0	-0,209893	-0,95
876	0	-0,209893	-0,95
877	0	-0,209893	-0,95
878	0	-0,209893	-0,95
879	0	-0,209893	-0,95
880	0	-0,209893	-0,95
881	0	-0,209893	-0,95
882	0	-0,209893	-0,95
883	0	-0,209893	-0,95
884	0	-0,209893	-0,95
885	0	-0,209893	-0,95
886	0	-0,209893	-0,95
887	0	-0,209893	-0,95
888	0	-0,209893	-0,95
889	0	-0,209893	-0,95
890	0	-0,209893	-0,95
891	0	-0,209893	-0,95
892	0	-0,209893	-0,95
893	0	-0,209893	-0,95
894	0	-0,209893	-0,95
895	0	-0,209893	-0,95
896	0	-0,209893	-0,95
897	0	-0,209893	-0,95
898	0	-0,209893	-0,95
899	0	-0,209893	-0,95
900	0	-0,209893	-0,95
901	0	-0,209893	-0,95
902	0	-0,209893	-0,95
903	0	-0,209893	-0,95
904	0	-0,209893	-0,95
905	0	-0,209893	-0,95
906	0	-0,209893	-0,95
907	0	-0,209893	-0,95
908	0	-0,209893	-0,95
909	0	-0,209893	-0,95
910	0	-0,209893	-0,95
911	0	-0,209893	-0,95
912	0	-0,209893	-0,95
913	0	-0,209893	-0,95
914	0	-0,209893	-0,95
915	0	-0,209893	-0,95
916	0	-0,209893	-0,95
917	0	-0,209893	-0,95
918	0	-0,209893	-0,95
919	0	-0,209893	-0,95
920	0	-0,209893	-0,95
921	0	-0,209893	-0,95
922	0	-0,209893	-0,95
923	0	-0,209893	-0,95
924	0	-0,209893	-0,95
925	0	-0,209893	-0,95
926	0	-0,209893	-0,95
927	0	-0,209893	-0,95
928	0	-0,209893	-0,95
929	0	-0,209893	-0,95
930	0	-0,209893	-0,95
931	0	-0,209893	-0,95
932	0	-0,209893	-0,95
933	0	-0,209893	-0,95
934	0	-0,209893	-0,95
935	0	-0,209893	-0,95
936	0	-0,209893	-0,95
937	0	-0,209893	-0,95
938	0	-0,209893	-0,95
939	0	-0,209893	-0,95
940	0	-0,209893	-0,95
941	0	-0,209893	-0,95
942	0	-0,209893	-0,95
943	0	-0,209893	-0,95
944	0	-0,209893	-0,95
945	0	-0,209893	-0,95
946	0	-0,209893	-0,95
947	0	-0,209893	-0,95
948	0	-0,209893	-0,95
949	0	-0,209893	-0,95
950	0	-0,209893	-0,95
951	0	-0,209893	-0,95
952	0	-0,209893	-0,95
953	0	-0,209893	-0,95
954	0	-0,209893	-0,95
955	0	-0,209893	-0,95
956	0	-0,209893	-0,95
957	0	-0,209893	-0,95
958	0	-0,209893	-0,95
959	0	-0,209893	-0,95
960	0	-0,209893	-0,95
961	0	-0,209893	-0,95
962	0	-0,209893	-0,95
963	0	-0,209893	-0,95
964	0	-0,209893	-0,95
965	0	-0,209893	-0,95
966	0	-0,209893	-0,95
967	0	-0,209893	-0,95
968	0	-0,209893	-0,95
969	0	-0,209893	-0,95
970	0	-0,209893	-0,95
971	0	-0,209893	-0,95
972	0	-0,209893	-0,95
973	0	-0,209893	-0,95
974	0	-0,209893	-0,95
975	0	-0,209893	-0,95
976	0	-0,209893	-0,95
977	0	-0,209893	-0,95
978	0	-0,209893	-0,95
979	0	-0,209893	-0,95
980	0	-0,209893	-0,95
981	0	-0,209893	-0,95
982	0	-0,209893	-0,95
983	0	-0,209893	-0,95
984	0	-0,209893	-0,95
985	0	-0,209893	-0,95
986	0	-0,209893	-0,95
987	0	-0,209893	-0,95
988	0	-0,209893	-0,95
989	0	-0,209893	-0,95
990	0	-0,209893	-0,95
991	0	-0,209893	-0,95
992	0	-0,209893	-0,95
993	0	-0,209893	-0,95
994	0	-0,209893	-0,95
995	0	-0,209893	-0,95
996	0	-0,209893	-0,95
997	0	-0,209893	-0,95
998	0	-0,209893	-0,95
999	0	-0,209893	-0,95
1000	0	-0,209893	-0,95
1001	0	-0,209893	-0,95
1002	0	-0,209893	-0,95
1003	0	-0,209893	-0,95
1004	0	-0,209893	-0,95
1005	0	-0,209893	-0,95
1006	0	-0,209893	-0,95
1007	0	-0,209893	-0,95
1008	0	-0,209893	-0,95
1009	0	-0,209893	-0,95
1010	0	-0,209893	-0,95
1011	0	-0,209893	-0,95
1012	0	-0,209893	-0,95
1013	0	-0,209893	-0,95
1014	0	-0,209893	-0,95
1015	0	-0,209893	-0,95
1016	0	-0,209893	-0,95
1017	0	-0,209893	-0,95
1018	0	-0,209893	-0,95
1019	0	-0,209893	-0,95
1020	0	-0,209893	-0,95
1021	0	-0,209893	-0,95
1022	0	-0,209893	-0,95
1023	0	-0,209893	-0,95
1024	0	-0,209893	-0,95
1025	0	-0,209893	-0,95
1026	0	-0,209893	-0,95
1027	0	-0,209893	-0,95
1028	0	-0,209893	-0,95
1029	0	-0,209893	-0,95
1030	0	-0,209893	-0,95
1031	0	-0,209893	-0,95
1032	0	-0,209893	-0,95
1033	0	-0,209893	-0,95
1034	0	-0,209893	-0,95
1035	0	-0,209893	-0,95
1036	0	-0,209893	-0,95
1037	0	-0,209893	-0,95
1038	0	-0,209893	-0,95
1039	0	-0,209893	-0,95
1040	0	-0,209893	-0,95
1041	0	-0,209893	-0,95
1042	0	-0,209893	-0,95
1043	0	-0,209893	-0,95
1044	0	-0,209893	-0,95
1045	0	-0,209893	-0,95
1046	0	-0,209893	-0,95
1047	0	-0,209893	-0,95
1048	0	-0,209893	-0,95
1049	0	-0,209893	-0,95
1050	0	-0,209893	-0,95
1051	0	-0,209893	-0,95
1052	0	-0,209893	-0,95
1053	0	-0,209893	-0,95
1054	0	-0,209893	-0,95
1055	0	-0,209893	-0,95
1056	0	-0,209893	-0,95
1057	0	-0,209893	-0,95
1058	0	-0,209893	-0,95
1059	0	-0,209893	-0,95
1060	0	-0,209893	-0,95
1061	0	-0,209893	-0,95
1062	0	-0,209893	-0,95
1063	0	-0,209893	-0,95
1064	0	-0,209893	-0,95
1065	0	-0,209893	-0,95
1066	0	-0,209893	-0,95
1067	0	-0,209893	-0,95
1068	0	-0,209893	-0,95
1069	0	-0,209893	-0,95
1070	0	-0,209893	-0,95
1071	0	-0,209893	-0,95
1072	0	-0,209893	-0,95
1073	0	-0,209893	-0,95
1074	0	-0,209893	-0,95
1075	0	-0,209893	-0,95
1076	0	-0,209893	-0,95
1077	0	-0,209893	-0,95
1078	0	-0,209893	-0,95
1079	0	-0,209893	-0,95
1080	0	-0,209893	-0,95
1081	0	-0,209893	-0,95
1082	0	-0,209893	-0,95
1083	0	-0,209893	-0,95
1084	0	-0,209893	-0,95
1085	0	-0,209893	-0,95
1086	0	-0,209893	-0,95
1087	0	-0,209893	-0,95
1088	0	-0,209893	-0,95
1089	0	-0,209893	-0,95
1090	0	-0,209893	-0,95
1091	0	-0,209893	-0,95
1092	0	-0,209893	-0,95
1093	0	-0,209893	-0,95
1094	0	-0,209893	-0,95
1095	0	-0,209893	-0,95
1096	0	-0,209893	-0,95
1097	0	-0,209893	-0,95
1098	0	-0,209893	-0,95
1099	0	-0,209893	-0,95
1100	0	-0,209893	-0,95
1101	0	-0,209893	-0,95
1102	0	-0,209893	-0,95
1103	0	-0,209893	-0,95
1104	0	-0,209893	-0,95
1105	0	-0,209893	-0,95
1106	0	-0,209893	-0,95
1107	0	-0,209893	-0,95
1108	0	-0,209893	-0,95
1109	0	-0,209893	-0,95
1110	0	-0,209893	-0,95
1111	0	-0,209893	-0,95
1112	0	-0,209893	-0,95
1113	0	-0,209893	-0,95
1114	0	-0,209893	-0,95
1115	0	-0,209893	-0,95
1116	0	-0,209893	-0,95
1117	0	-0,209893	-0,95
1118	0	-0,209893	-0,95
1119	0	-0,209893	-0,95
1120	0	-0,209893	-0,95
1121	0	-0,209893	-0,95
1122	0	-0,209893	-0,95
1123	0	-0,209893	-0,95
1124	0	-0,209893	-0,95
1125	0	-0,209893	-0,95
1126	0	-0,209893	-0,95
1127	0	-0,209893	-0,95
1128	0	-0,209893	-0,95
1129	0	-0,209893	-0,95
1130	0	-0,209893	-0,95
1131	0	-0,209893	-0,95
1132	0	-0,209893	-0,95
1133	0	-0,209893	-0,95
1134	0	-0,209893	-0,95
1135	0	-0,209893	-0,95
1136	0	-0,209893	-0,95
1137	0	-0,209893	-0,95
1138	0	-0,209893	-0,95
1139	0	-0,209893	-0,95
1140	0	-0,209893	-0,95
1141	0	-0,209893	-0,95
1142	0	-0,209893	-0,95
1143	0	-0,209893	-0,95
1144	0	-0,209893	-0,95
1145	0	-0,209893	-0,95
1146	0	-0,209893	-0,95
1147	0	-0,209893	-0,95
1148	0	-0,209893	-0,95
1149	0	-0,209893	-0,95
1150	0	-0,209893	-0,95
1151	0	-0,209893	-0,95
1152	0	-0,209893	-0,95
1153	0	-0,209893	-0,95
1154	0	-0,209893	-0,95
1155	0	-0,209893	-0,95
1156	0	-0,209893	-0,95
1157	0	-0,209893	-0,95
1158	0	-0,209893	-0,95
1159	0	-0,209893	-0,95
1160	0	-0,209893	-0,95
1161	0	-0,209893	-0,95
1162	0	-0,209893	-0,95
1163	0	-0,209893	-0,95
1164	0	-0,209893	-0,95
1165	0	-0,209893	-0,95
1166	0	-0,209893	-0,95
1167	0	-0,209893	-0,95
1168	0	-0,209893	-0,95
1169	0	-0,209893	-0,95
1170	0	-0,209893	-0,95
1171	0	-0,209893	-0,95
1172	0	-0,209893	-0,95
1173	0	-0,209893	-0,95
1174	0	-0,209893	-0,95
1175	0	-0,209893	-0,95
1176	0	-0,209893	-0,95
1177	0	-0,209893	-0,95
1178	0	-0,209893	-0,95
1179	0	-0,209893	-0,95
1180	0	-0,209893	-0,95
1181	0	-0,209893	-0,95
1182	0	-0,209893	-0,95
1183	0	-0,209893	-0,95
1184	0	-0,209893	-0,95
1185	0	-0,209893	-0,95
1186	0	-0,209893	-0,95
1187	0	-0,209893	-0,95
1188	0	-0,209893	-0,95
1189	0	-0,209893	-0,95
1190	0	-0,209893	-0,95
1191	0	-0,209893	-0,95
1192	0	-0,209893	-0,95
1193	0	-0,209893	-0,95
1194	0	-0,209893	-0,95
1195	0	-0,209893	-0,95
1196	0	-0,209893	-0,95
1197	0	-0,209893	-0,95
1198	0	-0,209893	-0,95
1199	0	-0,209893	-0,95
1200	0	-0,209893	-0,95
1201	0	-0,209893	-0,95
1202	0	-0,209893	-0,95
1203	0	-0,209893	-0,95
1204	0	-0,209893	-0,95
1205	0	-0,209893	-0,95
1206	0	-0,209893	-0,95
1207	0	-0,209893	-0,95
1208	0	-0,209893	-0,95
1209	0	-0,209893	-0,95
1210	0	-0,209893	-0,95
1211	0	-0,209893	-0,95
1212	0	-0,209893	-0,95
1213	0	-0,209893	-0,95
1214	0	-0,209893	-0,95
1215	0	-0,209893	-0,95
1216	0	-0,209893	-0,95
1217	0	-0,209893	-0,95
1218	0	-0,209893	-0,95
1219	0	-0,209893	-0,95
1220	0	-0,209893	-0,95
1221	0	-0,209893	-0,95
1222	0	-0,209893	-0,95
1223	0	-0,209893	-0,95
1224	0	-0,209893	-0,95
1225	0	-0,209893	-0,95
1226	0	-0,209893	-0,95
1227	0	-0,209893	-0,95
1228	0	-0,209893	-0,95
1229	0	-0,209893	-0,95
1230	0	-0,209893	-0,95
1231	0	-0,209893	-0,95
1232	0	-0,209893	-0,95
1233	0	-0,209893	-0,95
1234	0	-0,209893	-0,95
1235	0	-0,209893	-0,95
1236	0	-0,209893	-0,95
1237	0	-0,209893	-0,95
1238	0	-0,209893	-0,95
1239	0	-0,209893	-0,95
1240	0	-0,209893	-0,95
1241	0	-0,209893	-0,95
1242	0	-0,209893	-0,95
1243	0	-0,209893	-0,95
1244	0	-0,209893	-0,95
1245	0	-0,209893	-0,95
1246	0	-0,209893	-0,95
1247	0	-0,209893	-0,95
1248	0	-0,209893	-0,95
1249	0	-0,209893	-0,95
1250	0	-0,209893	-0,95
1251	0	-0,209893	-0,95
1252	0	-0,209893	-0,95
1253	0	-0,209893	-0,95
1254	0	-0,209893	-0,95
1255	0	-0,209893	-0,95
1256	0	-0,209893	-0,95
1257	0	-0,209893	-0,95
1258	0	-0,209893	-0,95
1259	0	-0,209893	-0,95
1260	0	-0,209893	-0,95
1261	0	-0,209893	-0,95
1262	0	-0,209893	-0,95
1263	0	-0,209893	-0,95
1264	0	-0,209893	-0,95
1265	0	-0,209893	-0,95
1266	0	-0,209893	-0,95
1267	0	-0,209893	-0,95
1268	0	-0,209893	-0,95
1269	0	-0,209893	-0,95
1270	0	-0,209893	-0,95
1271	0	-0,209893	-0,95
1272	0	-0,209893	-0,95
1273	0	-0,209893	-0,95
1274	0	-0,209893	-0,95
1275	0	-0,209893	-0,95
1276	0	-0,209893	-0,95
1277	0	-0,209893	-0,95
1278	0	-0,209893	-0,95
1279	0	-0,209893	-0,95
1280	0	-0,209893	-0,95
1281	0	-0,209893	-0,95
1282	0	-0,209893	-0,95
1283	0	-0,209893	-0,95
1284	0	-0,209893	-0,95
1285	0	-0,209893	-0,95
1286	0	-0,209893	-0,95
1287	0	-0,209893	-0,95
1288	0	-0,209893	-0,95
1289	0	-0,209893	-0,95
1290	0	-0,209893	-0,95
1291	0	-0,209893	-0,95
1292	0	-0,209893	-0,95
1293	0	-0,209893	-0,95
1294	0	-0,209893	-0,95
1295	0	-0,209893	-0,95
1296	0	-0,209893	-0,95
1297	0	-0,209893	-0,95
1298	0	-0,209893	-0,95
1299	0	-0,209893	-0,95
1300	0	-0,209893	-0,95
1301	0	-0,209893	-0,95
1302	0	-0,209893	-0,95
1303	0	-0,209893	-0,95
1304	0	-0,209893	-0,95
1305	0	-0,209893	-0,95
1306	0	-0,209893	-0,95
1307	0	-0,209893	-0,95
1308	0	-0,209893	-0,95
1309	0	-0,209893	-0,95
1310	0	-0,209893	-0,95
1311	0	-0,209893	-0,95
1312	0	-0,209893	-0,95
1313	0	-0,209893	-0,95
1314	0	-0,209893	-0,95
1315	0	-0,209893	-0,95
1316	0	-0,209893	-0,95
1317	0	-0,209893	-0,95
1318	0	-0,209893	-0,95
1319	0	-0,209893	-0,95
1320	0	-0,209893	-0,95
1321	0	-0,209893	-0,95
1322	0	-0,209893	-0,95
1323	0	-0,209893	-0,95
1324	0	-0,209893	-0,95
1325	0	-0,209893	-0,95
1326	0	-0,209893	-0,95
1327	0	-0,209893	-0,95
1328	0	-0,209893	-0,95
1329	0	-0,209893	-0,95
1330	0	-0,209893	-0,95
1331	0	-0,209893	-0,95
1332	0	-0,209893	-0,95
1333	0	-0,209893	-0,95
1334	0	-0,209893	-0,95
1335	0	-0,209893	-0,95
1336	0	-0,209893	-0,95
1337	0	-0,209893	-0,95
1338	0	-0,209893	-0,95
1339	0	-0,209893	-0,95
1340	0	-0,209893	-0,95
1341	0	-0,209893	-0,95
1342	0	-0,209893	-0,95
1343	0	-0,209893	-0,95
1344	0	-0,209893	-0,95
1345	0	-0,209893	-0,95
1346	0	-0,209893	-0,95
1347	0	-0,209893	-0,95
1348	0	-0,209893	-0,95
1349	0	-0,209893	-0,95
1350	0	-0,209893	-0,95
1351	0	-0,209893	-0,95
1352	0	-0,209893	-0,95
1353	0	-0,209893	-0,95
1354	0	-0,209893	-0,95
1355	0	-0,209893	-0,95
1356	0	-0,209893	-0,95
1357	0	-0,209893	-0,95
1358	0	-0,209893	-0,95
1359	0	-0,209893	-0,95
1360	0	-0,209893	-0,95
1361	0	-0,209893	-0,95
1362	0	-0,209893	-0,95
1363	0	-0,209893	-0,95
1364	0	-0,209893	-0,95
1365	0	-0,209893	-0,95
1366	0	-0,209893	-0,95
1367	0	-0,209893	-0,95
1368	0	-0,209893	-0,95
1369	0	-0,209893	-0,95
1370	0	-0,209893	-0,95
1371	0	-0,209893	-0,95
1372	0	-0,209893	-0,95
1373	0	-0,209893	-0,95
1374	0	-0,209893	-0,95
1375	0	-0,209893	-0,95
1376	0	-0,209893	-0,95
1377	0	-0,209893	-0,95
1378	0	-0,209893	-0,95
1379	0	-0,209893	-0,95
1380	0	-0,209893	-0,95
1381	0	-0,209893	-0,95
1382	0	-0,209893	-0,95
1383	0	-0,209893	-0,95
1384	0	-0,209893	-0,95
1385	0	-0,209893	-0,95
1386	0	-0,209893	-0,95
1387	0	-0,209893	-0,95
1388	0	-0,209893	-0,95
1389	0	-0,209893	-0,95
1390	0	-0,209893	-0,95
1391	0	-0,209893	-0,95
1392	0	-0,209893	-0,95
1393	0	-0,209893	-0,95
1394	0	-0,209893	-0,95
1395	0	-0,209893	-0,95
1396	0	-0,209893	-0,95
1397	0	-0,209893	-0,95
1398	0	-0,209893	-0,95
1399	0	-0,209893	-0,95
1400	0	-0,209893	-0,95
1401	0	-0,209893	-0,95
1402	0	-0,209893	-0,95
1403	0	-0,209893	-0,95
1404	0	-0,209893	-0,95
1405	0	-0,209893	-0,95
1406	0	-0,209893	-0,95
1407	0	-0,209893	-0,95
1408	0	-0,209893	-0,95
1409	0	-0,209893	-0,95
1410	0	-0,209893	-0,95
1411	0	-0,209893	-0,95
1412	0	-0,209893	-0,95
1413	0	-0,209893	-0,95
1414	0	-0,209893	-0,95
1415	0	-0,209893	-0,95
1416	0	-0,209893	-0,95
1417	0	-0,209893	-0,95
1418	0	-0,209893	-0,95
1419	0	-0,209893	-0,95
1420	0	-0,209893	-0,95
1421	0	-0,209893	-0,95
1422	0	-0,209893	-0,95
1423	0	-0,209893	-0,95
1424	0	-0,209893	-0,95
1425	0	-0,209893	-0,95
1426	0	-0,209893	-0,95
1427	0	-0,209893	-0,95
1428	0	-0,209893	-0,95
1429	0	-0,209893	-0,95
1430	0	-0,209893	-0,95
1431	0	-0,209893	-0,95
1432	0	-0,209893	-0,95
1433	0	-0,209893	-0,95
1434	0	-0,209893	-0,95
1435	0	-0,209893	-0,95
1436	0	-0,209893	-0,95
1437	0	-0,209893	-0,95
1438	0	-0,209893	-0,95
1439	0	-0,209893	-0,95
1440	0	-0,209893	-0,95
1441	0	-0,209893	-0,95
1442	0	-0,209893	-0,95
1443	0	-0,209893	-0,95
1444	0	-0,209893	-0,95
1445	0	-0,209893	-0,95
1446	0	-0,209893	-0,95
1447	0	-0,209893	-0,95
1448	0	-0,209893	-0,95
1449	0	-0,209893	-0,95
1450	0	-0,209893	-0,95
1451	0	-0,209893	-0,95
1452	0	-0,209893	-0,95
1453	0	-0,209893	-0,95
1454	0	-0,209893	-0,95
1455	0	-0,209893	-0,95
1456	0	-0,209893	-0,95
1457	0	-0,209893	-0,95
1458	0	-0,209893	-0,95
1459	0	-0,209893	-0,95
1460	0	-0,209893	-0,95
1461	0	-0,209893	-0,95
1462	0	-0,209893	-0,95
1463	0	-0,209893	-0,95
1464	0	-0,209893	-0,95
1465	0	-0,209893	-0,95
1466	0	-0,209893	-0,95
1467	0	-0,209893	-0,95
1468	0	-0,209893	-0,95
1469	0	-0,209893	-0,95
1470	0	-0,209893	-0,95
1471	0	-0,209893	-0,95
1472	0	-0,209893	-0,95
1473	0	-0,209893	-0,95
1474	0	-0,209893	-0,95
1475	0	-0,209893	-0,95
1476	0	-0,209893	-0,95
1477	0	-0,209893	-0,95
1478	0	-0,209893	-0,95
1479	0	-0,209893	-0,95
1480	0	-0,209893	-0,95
1481	0	-0,209893	-0,95
1482	0	-0,209893	-0,95
1483	0	-0,209893	-0,95
1484	0	-0,209893	-0,95
1485	0	-0,209893	-0,95
1486	0	-0,209893	-0,95
1487	0	-0,209893	-0,95
1488	0	-0,209893	-0,95
1489	0	-0,209893	-0,95
1490	0	-0,209893	-0,95
1491	0	-0,209893	-0,95
1492	0	-0,209893	-0,95
1493	0	-0,209893	-0,95
1494	0	-0,209893	-0,95
1495	0	-0,209893	-0,95
1496	0	-0,209893	-0,95
1497	0	-0,209893	-0,95
1498	0	-0,209893	-0,95
1499	0	-0,209893	-0,95