i	G (sg->nocrash)	stepwise crash	stepwise 5csd
0	0	-1	0
1	0	-1	0
2	0	-1	0
3	0	-1	0
4	0	-1	0
5	0	-1	0
6	0	-1	0
7	0	-1	0
8	0	-1	0
9	0	-1	0
10	0	-1	0
11	0	-1	0
12	0	-1	0
13	0	-1	0
14	0	-1	0
15	0	-1	0
16	0	-1	0
17	0	-1	0
18	0	-1	0
19	0	-1	0
20	0	-1	0
21	0	-1	0
22	0	-1	0
23	0	-1	0
24	0	-1	0
25	0	-1	0
26	0	-1	0
27	0	-1	0
28	0	-1	0
29	0	-1	0
30	0	-1	0
31	0	-1	0
32	0	-1	0
33	0	-1	0
34	0	-1	0
35	0	-1	0
36	0	-1	0
37	0	-1	0
38	0	-1	0
39	0	-1	0
40	0	-1	0
41	0	-1	0
42	0	-1	0
43	0	-1	0
44	0	-1	0
45	0	-1	0
46	0	-1	0
47	0	-1	0
48	0	-1	0
49	0	-1	0
50	0	-1	0
51	0	-1	0
52	0	-1	0
53	0	-1	0
54	0	-1	0
55	0	-1	0
56	0	-1	0
57	0	-1	0
58	0	-1	0
59	0	-1	0
60	0	-1	0
61	0	-1	0
62	0	-1	0
63	0	-1	0
64	0	-1	0
65	0	-1	0
66	0	-1	0
67	0	-1	0
68	0	-1	0
69	0	-1	0
70	0	-1	0
71	0	-1	0
72	0	-1	0
73	0	-1	0
74	0	-1	0
75	0	-1	0
76	0	-1	0
77	0	-1	0
78	0	-1	0
79	0	-1	0
80	0	-1	0
81	0	-1	0
82	0	-1	0
83	0	-1	0
84	0	-1	0
85	0	-1	0
86	0	-1	0
87	0	-1	0
88	0	-1	0
89	0	-1	0
90	0	-1	0
91	0	-1	0
92	0	-1	0
93	0	-1	0
94	0	-1	0
95	0	-1	0
96	0	-1	0
97	0	-1	0
98	0	-1	0
99	0	-1	0
100	0	-1	0
101	0	-1	0
102	0	-1	0
103	0	-1	0
104	0	-1	0
105	0	-1	0
106	0	-1	0
107	0	-1	0
108	0	-1	0
109	0	-1	0
110	0	-1	0
111	0	-1	0
112	0	-1	0
113	0	-1	0
114	0	-1	0
115	0	-1	0
116	0	-1	0
117	0	-1	0
118	0	-1	0
119	0	-1	0
120	0	-1	0
121	0	-1	0
122	0	-1	0
123	0	-1	0
124	0	-1	0
125	0	-1	0
126	0	-1	0
127	0	-1	0
128	0	-1	0
129	0	-1	0
130	0	-1	0
131	0	-1	0
132	0	-1	0
133	0	-1	0
134	0	-1	0
135	0	-1	0
136	0	-1	0
137	0	-1	0
138	0	-1	0
139	0	-1	0
140	0	-1	0
141	0	-1	0
142	0	-1	0
143	0	-1	0
144	0	-1	0
145	0	-1	0
146	0	-1	0
147	0	-1	0
148	0	-1	0
149	0	-1	0
150	0	-1	0
151	0	-1	0
152	0	-1	0
153	0	-1	0
154	0	-1	0
155	0	-1	0
156	0	-1	0
157	0	-1	0
158	0	-1	0
159	0	-1	0
160	0	-1	0
161	0	-1	0
162	0	-1	0
163	0	-1	0
164	0	-1	0
165	0	-1	0
166	0	-1	0
167	0	-1	0
168	0	-1	0
169	0	-1	0
170	0	-1	0
171	0	-1	0
172	0	-1	0
173	0	-1	0
174	0	-1	0
175	0	-1	0
176	0	-1	0
177	0	-1	0
178	0	-1	0
179	0	-1	0
180	0	-1	0
181	0	-1	0
182	0	-1	0
183	0	-1	0
184	0	-1	0
185	0	-1	0
186	0	-1	0
187	0	-1	0
188	0	-1	0
189	0	-1	0
190	0	-1	0
191	0	-1	0
192	0	-1	0
193	0	-1	0
194	0	-1	0
195	0	-1	0
196	0	-1	0
197	0	-1	0
198	0	-1	0
199	0	-1	0
200	0	-1	0
201	0	-1	0
202	0	-1	0
203	0	-1	0
204	0	-1	0
205	0	-1	0
206	0	-1	0
207	0	-1	0
208	0	-1	0
209	0	-1	0
210	0	-1	0
211	0	-1	0
212	0	-1	0
213	0	-1	0
214	0	-1	0
215	0	-1	0
216	0	-1	0
217	0	-1	0
218	0	-1	0
219	0	-1	0
220	0	-1	0
221	0	-1	0
222	0	-1	0
223	0	-1	0
224	0	-1	0
225	0	-1	0
226	0	-1	0
227	0	-1	0
228	0	-1	0
229	0	-1	0
230	0	-1	0
231	0	-1	0
232	0	-1	0
233	0	-1	0
234	0	-1	0
235	0	-1	0
236	0	-1	0
237	0	-1	0
238	0	-1	0
239	0	-1	0
240	0	-1	0
241	0	-1	0
242	0	-1	0
243	0	-1	0
244	0	-1	0
245	0	-1	0
246	0	-1	0
247	0	-1	0
248	0	-1	0
249	0	-1	0
250	0	-1	0
251	0	-1	0
252	0	-1	0
253	0	-1	0
254	0	-1	0
255	0	-1	0
256	0	-1	0
257	0	-1	0
258	0	-1	0
259	0	-1	0
260	0	-1	0
261	0	-1	0
262	0	-1	0
263	0	-1	0
264	0	-1	0
265	0	-1	0
266	0	-1	0
267	0	-1	0
268	0	-1	0
269	0	-1	0
270	0	-1	0
271	0	-1	0
272	0	-1	0
273	0	-1	0
274	0	-1	0
275	0	-1	0
276	0	-1	0
277	0	-1	0
278	0	-1	0
279	0	-1	0
280	0	-1	0
281	0	-1	0
282	0	-1	0
283	0	-1	0
284	0	-1	0
285	0	-1	0
286	0	-1	0
287	0	-1	0
288	0	-1	0
289	0	-1	0
290	0	-1	0
291	0	-1	0
292	0	-1	0
293	0	-1	0
294	0	-1	0
295	0	-1	0
296	0	-1	0
297	0	-1	0
298	0	-1	0
299	0	-1	0
300	0	-1	0
301	0	-1	0
302	0	-1	0
303	0	-1	0
304	0	-1	0
305	0	-1	0
306	0	-1	0
307	0	-1	0
308	0	-1	0
309	0	-1	0
310	0	-1	0
311	0	-1	0
312	0	-1	0
313	0	-1	0
314	0	-1	0
315	0	-1	0
316	0	-1	0
317	0	-1	0
318	0	-1	0
319	0	-1	0
320	0	-1	0
321	0	-1	0
322	0	-1	0
323	0	-1	0
324	0	-1	0
325	0	-1	0
326	0	-1	0
327	0	-1	0
328	0	-1	0
329	0	-1	0
330	0	-1	0
331	0	-1	0
332	0	-1	0
333	0	-1	0
334	0	-1	0
335	0	-1	0
336	0	-1	0
337	0	-1	0
338	0	-1	0
339	0	-1	0
340	0	-1	0
341	0	-1	0
342	0	-1	0
343	0	-1	0
344	0	-1	0
345	0	-1	0
346	0	-1	0
347	0	-1	0
348	0	-1	0
349	0	-1	0
350	0	-1	0
351	0	-1	0
352	0	-1	0
353	0	-1	0
354	0	-1	0
355	0	-1	0
356	0	-1	0
357	0	-1	0
358	0	-1	0
359	0	-1	0
360	0	-1	0
361	0	-1	0
362	0	-1	0
363	0	-1	0
364	0	-1	0
365	0	-1	0
366	0	-1	0
367	0	-1	0
368	0	-1	0
369	0	-1	0
370	0	-1	0
371	0	-1	0
372	0	-1	0
373	0	-1	0
374	0	-1	0
375	0	-1	0
376	0	-1	0
377	0	-1	0
378	0	-1	0
379	0	-1	0
380	0	-1	0
381	0	-1	0
382	0	-1	0
383	0	-1	0
384	0	-1	0
385	0	-1	0
386	0	-1	0
387	0	-1	0
388	0	-1	0
389	0	-1	0
390	0	-1	0
391	0	-1	0
392	0	-1	0
393	0	-1	0
394	0	-1	0
395	0	-1	0
396	0	-1	0
397	0	-1	0
398	0	-1	0
399	0	-1	0
400	0	-1	0
401	0	-1	0
402	0	-1	0
403	-0,005909	-1	-0,005909
404	-0,013881	-1	-0,013881
405	-0,022095	-1	-0,022095
406	-0,029041	-1	-0,029041
407	-0,034862	-1	-0,034862
408	-0,039681	-1	-0,039681
409	-0,04361	-1	-0,04361
410	-0,046748	-1	-0,046748
411	-0,049182	-1	-0,049182
412	-0,05099	-1	-0,05099
413	-0,052242	-1	-0,052242
414	-0,052999	-1	-0,052999
415	-0,053317	-1	-0,053317
416	-0,053317	-1	-0,053243
417	-0,053317	-1	-0,052822
418	-0,053317	-1	-0,052091
419	-0,053317	-1	-0,051085
420	-0,053317	-1	-0,049834
421	-0,053317	-1	-0,048366
422	-0,053317	-1	-0,046703
423	-0,053317	-1	-0,044869
424	-0,053317	-1	-0,042881
425	-0,053317	-1	-0,040756
426	-0,053317	-1	-0,03851
427	-0,053317	-1	-0,036156
428	-0,053317	-1	-0,033706
429	-0,053317	-1	-0,03117
430	-0,053317	-1	-0,028557
431	-0,053317	-1	-0,025876
432	-0,053317	-1	-0,023135
433	-0,053317	-1	-0,020339
434	-0,053317	-1	-0,017496
435	-0,053317	-1	-0,014609
436	-0,053317	-1	-0,013165
437	-0,053317	-1	-0,013004
438	-0,053317	-1	-0,013982
439	-0,053317	-1	-0,015974
440	-0,053317	-1	-0,018866
441	-0,053317	-1	-0,022558
442	-0,053317	-1	-0,026961
443	-0,053317	-1	-0,031996
444	-0,053317	-1	-0,037592
445	-0,053317	-1	-0,043688
446	-0,053317	-1	-0,050227
447	-0,057159	-1	-0,057159
448	-0,064442	-1	-0,064442
449	-0,072036	-1	-0,072036
450	-0,079906	-1	-0,079906
451	-0,086539	-1	-0,086539
452	-0,092074	-1	-0,092074
453	-0,096632	-1	-0,096632
454	-0,100321	-1	-0,100321
455	-0,103238	-1	-0,103238
456	-0,105469	-1	-0,105469
457	-0,107088	-1	-0,107088
458	-0,108166	-1	-0,108166
459	-0,10876	-1	-0,10876
460	-0,108925	-1	-0,108925
461	-0,108925	-1	-0,108709
462	-0,108925	-1	-0,108153
463	-0,108925	-1	-0,107295
464	-0,108925	-1	-0,106169
465	-0,108925	-1	-0,104804
466	-0,108925	-1	-0,103226
467	-0,108925	-1	-0,101459
468	-0,108925	-1	-0,099525
469	-0,108925	-1	-0,09744
470	-0,108925	-1	-0,095223
471	-0,108925	-1	-0,092886
472	-0,108925	-1	-0,090445
473	-0,108925	-1	-0,087909
474	-0,108925	-1	-0,08529
475	-0,108925	-1	-0,082596
476	-0,108925	-1	-0,079836
477	-0,108925	-1	-0,077016
478	-0,108925	-1	-0,074144
479	-0,108925	-1	-0,071224
480	-0,108925	-1	-0,068263
481	-0,108925	-1	-0,066745
482	-0,108925	-1	-0,066511
483	-0,108925	-1	-0,067418
484	-0,108925	-1	-0,069338
485	-0,108925	-1	-0,072159
486	-0,108925	-1	-0,075781
487	-0,108925	-1	-0,080114
488	-0,108925	-1	-0,08508
489	-0,108925	-1	-0,090607
490	-0,108925	-1	-0,096634
491	-0,108925	-1	-0,103104
492	-0,109969	-1	-0,109969
493	-0,117184	-1	-0,117184
494	-0,12471	-1	-0,12471
495	-0,132513	-1	-0,132513
496	-0,139079	-1	-0,139079
497	-0,144547	-1	-0,144547
498	-0,149038	-1	-0,149038
499	-0,152661	-1	-0,152661
500	-0,155511	-1	-0,155511
501	-0,157675	-1	-0,157675
502	-0,159229	-1	-0,159229
503	-0,16024	-1	-0,16024
504	-0,160768	-1	-0,160768
505	-0,160867	-1	-0,160867
506	-0,160867	-1	-0,160585
507	-0,160867	-1	-0,159963
508	-0,160867	-1	-0,159039
509	-0,160867	-1	-0,157848
510	-0,160867	-1	-0,156417
511	-0,160867	-1	-0,154774
512	-0,160867	-1	-0,152942
513	-0,160867	-1	-0,150941
514	-0,160867	-1	-0,148792
515	-0,160867	-1	-0,146509
516	-0,160867	-1	-0,144107
517	-0,160867	-1	-0,1416
518	-0,160867	-1	-0,139
519	-0,160867	-1	-0,136315
520	-0,160867	-1	-0,133556
521	-0,160867	-1	-0,130731
522	-0,160867	-1	-0,127846
523	-0,160867	-1	-0,124909
524	-0,160867	-1	-0,121924
525	-0,160867	-1	-0,118898
526	-0,160867	-1	-0,117316
527	-0,160867	-1	-0,117017
528	-0,160867	-1	-0,117859
529	-0,160867	-1	-0,119714
530	-0,160867	-1	-0,122471
531	-0,160867	-1	-0,126028
532	-0,160867	-1	-0,130296
533	-0,160867	-1	-0,135197
534	-0,160867	-1	-0,14066
535	-0,160867	-1	-0,146623
536	-0,160867	-1	-0,153029
537	-0,160867	-1	-0,159829
538	-0,166979	-1	-0,166979
539	-0,174441	-1	-0,174441
540	-0,182179	-1	-0,182179
541	-0,188682	-1	-0,188682
542	-0,194085	-1	-0,194085
543	-0,198512	-1	-0,198512
544	-0,202071	-1	-0,202071
545	-0,204857	-1	-0,204857
546	-0,206957	-1	-0,206957
547	-0,208446	-1	-0,208446
548	-0,209393	-1	-0,209393
549	-0,209857	-1	-0,209857
550	-0,209893	-1	-0,209893
551	-0,209893	-1	-0,209546
552	-0,209893	-1	-0,208861
553	-0,209893	-1	-0,207873
554	-0,209893	-1	-0,206617
555	-0,209893	-1	-0,205123
556	-0,209893	-1	-0,203416
557	-0,209893	-1	-0,20152
558	-0,209893	-1	-0,199456
559	-0,209893	-1	-0,197243
560	-0,209893	-1	-0,194896
561	-0,209893	-1	-0,192431
562	-0,209893	-1	-0,189861
563	-0,209893	-1	-0,187196
564	-0,209893	-1	-0,184448
565	-0,209893	-1	-0,181626
566	-0,209893	-1	-0,178737
567	-0,209893	-1	-0,175789
568	-0,209893	-1	-0,172788
569	-0,209893	-1	-0,169741
570	-0,209893	-1	-0,166651
571	-0,209893	-1	-0,163524
572	-0,209893	-1	-0,160363
573	-0,209893	-1	-0,157173
574	-0,209893	-1	-0,153956
575	-0,209893	-1	-0,150715
576	-0,209893	-1	-0,147452
577	-0,209893	-1	-0,144171
578	-0,209893	-1	-0,140872
579	-0,209893	-1	-0,137558
580	-0,209893	-1	-0,13423
581	-0,209893	-1	-0,130889
582	-0,209893	-1	-0,127537
583	-0,209893	-1	-0,124175
584	-0,209893	-1	-0,120804
585	-0,209893	-1	-0,117425
586	-0,209893	-1	-0,115519
587	-0,209893	-1	-0,114923
588	-0,209893	-1	-0,115492
589	-0,209893	-1	-0,117096
590	-0,209893	-1	-0,119619
591	-0,209893	-1	-0,12296
592	-0,209893	-1	-0,127027
593	-0,209893	-1	-0,131739
594	-0,209893	-1	-0,137025
595	-0,209893	-1	-0,142821
596	-0,209893	-1	-0,149069
597	-0,209893	-1	-0,155721
598	-0,209893	-1	-0,162729
599	-0,209893	-1	-0,170056
600	-0,209893	-1	-0,177665
601	-0,209893	-1	-0,184043
602	-0,209893	-1	-0,189326
603	-0,209893	-1	-0,193638
604	-0,209893	-1	-0,197084
605	-0,209893	-1	-0,199761
606	-0,209893	-1	-0,201755
607	-0,209893	-1	-0,203141
608	-0,209893	-1	-0,203987
609	-0,209893	-1	-0,204352
610	-0,209893	-1	-0,20429
611	-0,209893	-1	-0,203848
612	-0,209893	-1	-0,203069
613	-0,209893	-1	-0,201988
614	-0,209893	-1	-0,200641
615	-0,209893	-1	-0,199055
616	-0,209893	-1	-0,197259
617	-0,209893	-1	-0,195274
618	-0,209893	-1	-0,193121
619	-0,209893	-1	-0,19082
620	-0,209893	-1	-0,188387
621	-0,209893	-1	-0,185835
622	-0,209893	-1	-0,183179
623	-0,209893	-1	-0,180429
624	-0,209893	-1	-0,177595
625	-0,209893	-1	-0,174688
626	-0,209893	-1	-0,171715
627	-0,209893	-1	-0,168682
628	-0,209893	-1	-0,165597
629	-0,209893	-1	-0,162466
630	-0,209893	-1	-0,159293
631	-0,209893	-1	-0,156082
632	-0,209893	-1	-0,152838
633	-0,209893	-1	-0,149565
634	-0,209893	-1	-0,146265
635	-0,209893	-1	-0,142941
636	-0,209893	-1	-0,139596
637	-0,209893	-1	-0,136231
638	-0,209893	-1	-0,13285
639	-0,209893	-1	-0,129454
640	-0,209893	-1	-0,126043
641	-0,209893	-1	-0,12262
642	-0,209893	-1	-0,119186
643	-0,209893	-1	-0,115742
644	-0,209893	-1	-0,112289
645	-0,209893	-1	-0,108828
646	-0,209893	-1	-0,105359
647	-0,209893	-1	-0,101883
648	-0,209893	-1	-0,098401
649	-0,209893	-1	-0,094914
650	-0,209893	-1	-0,091421
651	-0,209893	-1	-0,087924
652	-0,209893	-1	-0,084422
653	-0,209893	-1	-0,080916
654	-0,209893	-1	-0,077407
655	-0,209893	-1	-0,073894
656	-0,209893	-1	-0,070377
657	-0,209893	-1	-0,066858
658	-0,209893	-1	-0,063336
659	-0,209893	-1	-0,059811
660	-0,209893	-1	-0,056284
661	-0,209893	-1	-0,054236
662	-0,209893	-1	-0,053502
663	-0,209893	-1	-0,053937
664	-0,209893	-1	-0,055411
665	-0,209893	-1	-0,057807
666	-0,209893	-1	-0,061023
667	-0,209893	-1	-0,064968
668	-0,209893	-1	-0,069562
669	-0,209893	-1	-0,07473
670	-0,209893	-1	-0,080411
671	-0,209893	-1	-0,086546
672	-0,209893	-1	-0,093084
673	-0,209893	-1	-0,099982
674	-0,209893	-1	-0,107199
675	-0,209893	-1	-0,114698
676	-0,209893	-1	-0,120969
677	-0,209893	-1	-0,126145
678	-0,209893	-1	-0,13035
679	-0,209893	-1	-0,133691
680	-0,209893	-1	-0,136263
681	-0,209893	-1	-0,138152
682	-0,209893	-1	-0,139434
683	-0,209893	-1	-0,140176
684	-0,209893	-1	-0,140438
685	-0,209893	-1	-0,140273
686	-0,209893	-1	-0,139729
687	-0,209893	-1	-0,138846
688	-0,209893	-1	-0,137664
689	-0,209893	-1	-0,136214
690	-0,209893	-1	-0,134528
691	-0,209893	-1	-0,132629
692	-0,209893	-1	-0,130543
693	-0,209893	-1	-0,12829
694	-0,209893	-1	-0,125888
695	-0,209893	-1	-0,123353
696	-0,209893	-1	-0,120701
697	-0,209893	-1	-0,117944
698	-0,209893	-1	-0,115094
699	-0,209893	-1	-0,11216
700	-0,209893	-1	-0,109152
701	-0,209893	-1	-0,106079
702	-0,209893	-1	-0,102947
703	-0,209893	-1	-0,099762
704	-0,209893	-1	-0,09653
705	-0,209893	-1	-0,093257
706	-0,209893	-1	-0,089947
707	-0,209893	-1	-0,086604
708	-0,209893	-1	-0,08323
709	-0,209893	-1	-0,079831
710	-0,209893	-1	-0,076408
711	-0,209893	-1	-0,072963
712	-0,209893	-1	-0,0695
713	-0,209893	-1	-0,066019
714	-0,209893	-1	-0,062523
715	-0,209893	-1	-0,059014
716	-0,209893	-1	-0,055492
717	-0,209893	-1	-0,051959
718	-0,209893	-1	-0,048416
719	-0,209893	-1	-0,044864
720	-0,209893	-1	-0,041303
721	-0,209893	-1	-0,039217
722	-0,209893	-1	-0,038441
723	-0,209893	-1	-0,038829
724	-0,209893	-1	-0,040253
725	-0,209893	-1	-0,042596
726	-0,209893	-1	-0,045756
727	-0,209893	-1	-0,049643
728	-0,209893	-1	-0,054175
729	-0,209893	-1	-0,059281
730	-0,209893	-1	-0,064898
731	-0,209893	-1	-0,070967
732	-0,209893	-1	-0,077438
733	-0,209893	-1	-0,084268
734	-0,209893	-1	-0,091415
735	-0,209893	-1	-0,098844
736	-0,209893	-1	-0,105043
737	-0,209893	-1	-0,110148
738	-0,209893	-1	-0,11428
739	-0,209893	-1	-0,117547
740	-0,209893	-1	-0,120046
741	-0,209893	-1	-0,121861
742	-0,209893	-1	-0,123069
743	-0,209893	-1	-0,123736
744	-0,209893	-1	-0,123923
745	-0,209893	-1	-0,123682
746	-0,209893	-1	-0,123062
747	-0,209893	-1	-0,122104
748	-0,209893	-1	-0,120846
749	-0,209893	-1	-0,11932
750	-0,209893	-1	-0,117557
751	-0,209893	-1	-0,115582
752	-0,209893	-1	-0,11342
753	-0,209893	-1	-0,11109
754	-0,209893	-1	-0,108611
755	-0,209893	-1	-0,106
756	-0,209893	-1	-0,103271
757	-0,209893	-1	-0,100437
758	-0,209893	-1	-0,09751
759	-0,209893	-1	-0,0945
760	-0,209893	-1	-0,091415
761	-0,209893	-1	-0,088265
762	-0,209893	-1	-0,085056
763	-0,209893	-1	-0,081794
764	-0,209893	-1	-0,078486
765	-0,209893	-1	-0,075136
766	-0,209893	-1	-0,071749
767	-0,209893	-1	-0,068329
768	-0,209893	-1	-0,064879
769	-0,209893	-1	-0,061403
770	-0,209893	-1	-0,057903
771	-0,209893	-1	-0,054381
772	-0,209893	-1	-0,050841
773	-0,209893	-1	-0,047284
774	-0,209893	-1	-0,043712
775	-0,209893	-1	-0,040126
776	-0,209893	-1	-0,036527
777	-0,209893	-1	-0,032918
778	-0,209893	-1	-0,029298
779	-0,209893	-1	-0,02567
780	-0,209893	-1	-0,022033
781	-0,209893	-1	-0,018389
782	-0,209893	-1	-0,014738
783	-0,209893	-1	-0,011081
784	-0,209893	-1	-0,007419
785	-0,209893	-1	-0,003751
786	-0,209893	-1	-0,000079
787	-0,209893	-1	0
788	-0,209893	-1	0
789	-0,209893	-1	0
790	-0,209893	-1	0
791	-0,209893	-1	0
792	-0,209893	-1	0
793	-0,209893	-1	0
794	-0,209893	-1	0
795	-0,209893	-1	0
796	-0,209893	-1	0
797	-0,209893	-1	0
798	-0,209893	-1	0
799	-0,209893	-1	0
800	-0,209893	-1	0
801	-0,209893	-1	0
802	-0,209893	-1	0
803	-0,209893	-1	0
804	-0,209893	-1	0
805	-0,209893	-1	0
806	-0,209893	-1	0
807	-0,209893	-1	-0,001591
808	-0,209893	-1	-0,008316
809	-0,209893	-1	-0,015359
810	-0,209893	-1	-0,022687
811	-0,209893	-1	-0,028784
812	-0,209893	-1	-0,033788
813	-0,209893	-1	-0,037821
814	-0,209893	-1	-0,040989
815	-0,209893	-1	-0,043389
816	-0,209893	-1	-0,045106
817	-0,209893	-1	-0,046216
818	-0,209893	-1	-0,046787
819	-0,209893	-1	-0,046877
820	-0,209893	-1	-0,04654
821	-0,209893	-1	-0,045824
822	-0,209893	-1	-0,04477
823	-0,209893	-1	-0,043416
824	-0,209893	-1	-0,041795
825	-0,209893	-1	-0,039937
826	-0,209893	-1	-0,037867
827	-0,209893	-1	-0,03561
828	-0,209893	-1	-0,033186
829	-0,209893	-1	-0,030613
830	-0,209893	-1	-0,027908
831	-0,209893	-1	-0,025085
832	-0,209893	-1	-0,022157
833	-0,209893	-1	-0,019136
834	-0,209893	-1	-0,016032
835	-0,209893	-1	-0,012854
836	-0,209893	-1	-0,00961
837	-0,209893	-1	-0,006307
838	-0,209893	-1	-0,002952
839	-0,209893	-1	0
840	-0,209893	-1	0
841	-0,209893	-1	0
842	-0,209893	-1	0
843	-0,209893	-1	0
844	-0,209893	-1	0
845	-0,209893	-1	0
846	-0,209893	-1	0
847	-0,209893	-1	0
848	-0,209893	-1	0
849	-0,209893	-1	0
850	-0,209893	-1	0
851	-0,209893	-1	0
852	-0,209893	-1	0
853	-0,209893	-1	0
854	-0,209893	-1	0
855	-0,209893	-1	0
856	-0,209893	-1	0
857	-0,209893	-1	0
858	-0,209893	-1	0
859	-0,209893	-1	0
860	-0,209893	-1	0
861	-0,209893	-1	0
862	-0,209893	-1	0
863	-0,209893	-1	0
864	-0,209893	-1	0
865	-0,209893	-1	0
866	-0,209893	-1	0
867	-0,209893	-1	0
868	-0,209893	-1	0
869	-0,209893	-1	0
870	-0,209893	-1	0
871	-0,209893	-1	-0,002669
872	-0,209893	-1	-0,007606
873	-0,209893	-1	-0,011571
874	-0,209893	-1	-0,014672
875	-0,209893	-1	-0,017004
876	-0,209893	-1	-0,018652
877	-0,209893	-1	-0,019693
878	-0,209893	-1	-0,020194
879	-0,209893	-1	-0,020214
880	-0,209893	-1	-0,019807
881	-0,209893	-1	-0,019021
882	-0,209893	-1	-0,017896
883	-0,209893	-1	-0,016472
884	-0,209893	-1	-0,01478
885	-0,209893	-1	-0,012851
886	-0,209893	-1	-0,01071
887	-0,209893	-1	-0,008382
888	-0,209893	-1	-0,005887
889	-0,209893	-1	-0,003242
890	-0,209893	-1	-0,000466
891	-0,209893	-1	0
892	-0,209893	-1	0
893	-0,209893	-1	0
894	-0,209893	-1	0
895	-0,209893	-1	0
896	-0,209893	-1	0
897	-0,209893	-1	0
898	-0,209893	-1	0
899	-0,209893	-1	0
900	-0,209893	-1	0
901	-0,209893	-1	0
902	-0,209893	-1	0
903	-0,209893	-1	0
904	-0,209893	-1	0
905	-0,209893	-1	0
906	-0,209893	-1	0
907	-0,209893	-1	0
908	-0,209893	-1	0
909	-0,209893	-1	0
910	-0,209893	-1	0
911	-0,209893	-1	0
912	-0,209893	-1	0
913	-0,209893	-1	0
914	-0,209893	-1	0
915	-0,209893	-1	0
916	-0,209893	-1	0
917	-0,209893	-1	0
918	-0,209893	-1	0
919	-0,209893	-1	0
920	-0,209893	-1	0
921	-0,209893	-1	0
922	-0,209893	-1	0
923	-0,209893	-1	0
924	-0,209893	-1	0
925	-0,209893	-1	0
926	-0,209893	-1	0
927	-0,209893	-1	0
928	-0,209893	-1	0
929	-0,209893	-1	0
930	-0,209893	-1	0
931	-0,209893	-1	0
932	-0,209893	-1	0
933	-0,209893	-1	0
934	-0,209893	-1	0
935	-0,209893	-1	0
936	-0,209893	-1	0
937	-0,209893	-1	0
938	-0,209893	-1	0
939	-0,209893	-1	0
940	-0,209893	-1	0
941	-0,209893	-1	0
942	-0,209893	-1	0
943	-0,209893	-1	0
944	-0,209893	-1	0
945	-0,209893	-1	0
946	-0,209893	-1	0
947	-0,209893	-1	0
948	-0,209893	-1	0
949	-0,209893	-1	0
950	-0,209893	-1	0
951	-0,209893	-1	0
952	-0,209893	-1	0
953	-0,209893	-1	0
954	-0,209893	-1	0
955	-0,209893	-1	0
956	-0,209893	-1	0
957	-0,209893	-1	0
958	-0,209893	-1	0
959	-0,209893	-1	0
960	-0,209893	-1	0
961	-0,209893	-1	0
962	-0,209893	-1	0
963	-0,209893	-1	0
964	-0,209893	-1	0
965	-0,209893	-1	0
966	-0,209893	-1	0
967	-0,209893	-1	0
968	-0,209893	-1	0
969	-0,209893	-1	0
970	-0,209893	-1	0
971	-0,209893	-1	0
972	-0,209893	-1	0
973	-0,209893	-1	0
974	-0,209893	-1	0
975	-0,209893	-1	0
976	-0,209893	-1	0
977	-0,209893	-1	0
978	-0,209893	-1	0
979	-0,209893	-1	0
980	-0,209893	-1	0
981	-0,209893	-1	0
982	-0,209893	-1	0
983	-0,209893	-1	0
984	-0,209893	-1	0
985	-0,209893	-1	0
986	-0,209893	-1	0
987	-0,209893	-1	0
988	-0,209893	-1	0
989	-0,209893	-1	0
990	-0,209893	-1	0
991	-0,209893	-1	0
992	-0,209893	-1	0
993	-0,209893	-1	0
994	-0,209893	-1	0
995	-0,209893	-1	0
996	-0,209893	-1	0
997	-0,209893	-1	0
998	-0,209893	-1	0
999	-0,209893	-1	0
1000	-0,209893	-1	0
1001	-0,209893	-1	0
1002	-0,209893	-1	0
1003	-0,209893	-1	0
1004	-0,209893	-1	0
1005	-0,209893	-1	0
1006	-0,209893	-1	0
1007	-0,209893	-1	0
1008	-0,209893	-1	0
1009	-0,209893	-1	0
1010	-0,209893	-1	0
1011	-0,209893	-1	0
1012	-0,209893	-1	0
1013	-0,209893	-1	0
1014	-0,209893	-1	0
1015	-0,209893	-1	0
1016	-0,209893	-1	0
1017	-0,209893	-1	0
1018	-0,209893	-1	0
1019	-0,209893	-1	0
1020	-0,209893	-1	0
1021	-0,209893	-1	0
1022	-0,209893	-1	0
1023	-0,209893	-1	0
1024	-0,209893	-1	0
1025	-0,209893	-1	0
1026	-0,209893	-1	0
1027	-0,209893	-1	0
1028	-0,209893	-1	0
1029	-0,209893	-1	0
1030	-0,209893	-1	0
1031	-0,209893	-1	0
1032	-0,209893	-1	0
1033	-0,209893	-1	0
1034	-0,209893	-1	0
1035	-0,209893	-1	0
1036	-0,209893	-1	0
1037	-0,209893	-1	0
1038	-0,209893	-1	0
1039	-0,209893	-1	0
1040	-0,209893	-1	0
1041	-0,209893	-1	0
1042	-0,209893	-1	0
1043	-0,209893	-1	0
1044	-0,209893	-1	0
1045	-0,209893	-1	0
1046	-0,209893	-1	0
1047	-0,209893	-1	0
1048	-0,209893	-1	0
1049	-0,209893	-1	0
1050	-0,209893	-1	0
1051	-0,209893	-1	0
1052	-0,209893	-1	0
1053	-0,209893	-1	0
1054	-0,209893	-1	0
1055	-0,209893	-1	0
1056	-0,209893	-1	0
1057	-0,209893	-1	0
1058	-0,209893	-1	0
1059	-0,209893	-1	0
1060	-0,209893	-1	0
1061	-0,209893	-1	0
1062	-0,209893	-1	0
1063	-0,209893	-1	0
1064	-0,209893	-1	0
1065	-0,209893	-1	0
1066	-0,209893	-1	0
1067	-0,209893	-1	0
1068	-0,209893	-1	0
1069	-0,209893	-1	0
1070	-0,209893	-1	0
1071	-0,209893	-1	0
1072	-0,209893	-1	0
1073	-0,209893	-1	0
1074	-0,209893	-1	0
1075	-0,209893	-1	0
1076	-0,209893	-1	0
1077	-0,209893	-1	0
1078	-0,209893	-1	0
1079	-0,209893	-1	0
1080	-0,209893	-1	0
1081	-0,209893	-1	0
1082	-0,209893	-1	0
1083	-0,209893	-1	0
1084	-0,209893	-1	0
1085	-0,209893	-1	0
1086	-0,209893	-1	0
1087	-0,209893	-1	0
1088	-0,209893	-1	0
1089	-0,209893	-1	0
1090	-0,209893	-1	0
1091	-0,209893	-1	0
1092	-0,209893	-1	0
1093	-0,209893	-1	0
1094	-0,209893	-1	0
1095	-0,209893	-1	0
1096	-0,209893	-1	0
1097	-0,209893	-1	0
1098	-0,209893	-1	0
1099	-0,209893	-1	0
1100	-0,209893	-1	0
1101	-0,209893	-1	0
1102	-0,209893	-1	0
1103	-0,209893	-1	0
1104	-0,209893	-1	0
1105	-0,209893	-1	0
1106	-0,209893	-1	0
1107	-0,209893	-1	0
1108	-0,209893	-1	0
1109	-0,209893	-1	0
1110	-0,209893	-1	0
1111	-0,209893	-1	0
1112	-0,209893	-1	0
1113	-0,209893	-1	0
1114	-0,209893	-1	0
1115	-0,209893	-1	0
1116	-0,209893	-1	0
1117	-0,209893	-1	0
1118	-0,209893	-1	0
1119	-0,209893	-1	0
1120	-0,209893	-1	0
1121	-0,209893	-1	0
1122	-0,209893	-1	0
1123	-0,209893	-1	0
1124	-0,209893	-1	0
1125	-0,209893	-1	0
1126	-0,209893	-1	0
1127	-0,209893	-1	0
1128	-0,209893	-1	0
1129	-0,209893	-1	0
1130	-0,209893	-1	0
1131	-0,209893	-1	0
1132	-0,209893	-1	0
1133	-0,209893	-1	0
1134	-0,209893	-1	0
1135	-0,209893	-1	0
1136	-0,209893	-1	0
1137	-0,209893	-1	0
1138	-0,209893	-1	0
1139	-0,209893	-1	0
1140	-0,209893	-1	0
1141	-0,209893	-1	0
1142	-0,209893	-1	0
1143	-0,209893	-1	0
1144	-0,209893	-1	0
1145	-0,209893	-1	0
1146	-0,209893	-1	0
1147	-0,209893	-1	0
1148	-0,209893	-1	0
1149	-0,209893	-1	0
1150	-0,209893	-1	0
1151	-0,209893	-1	0
1152	-0,209893	-1	0
1153	-0,209893	-1	0
1154	-0,209893	-1	0
1155	-0,209893	-1	0
1156	-0,209893	-1	0
1157	-0,209893	-1	0
1158	-0,209893	-1	0
1159	-0,209893	-1	0
1160	-0,209893	-1	0
1161	-0,209893	-1	0
1162	-0,209893	-1	0
1163	-0,209893	-1	0
1164	-0,209893	-1	0
1165	-0,209893	-1	0
1166	-0,209893	-1	0
1167	-0,209893	-1	0
1168	-0,209893	-1	0
1169	-0,209893	-1	0
1170	-0,209893	-1	0
1171	-0,209893	-1	0
1172	-0,209893	-1	0
1173	-0,209893	-1	0
1174	-0,209893	-1	0
1175	-0,209893	-1	0
1176	-0,209893	-1	0
1177	-0,209893	-1	0
1178	-0,209893	-1	0
1179	-0,209893	-1	0
1180	-0,209893	-1	0
1181	-0,209893	-1	0
1182	-0,209893	-1	0
1183	-0,209893	-1	0
1184	-0,209893	-1	0
1185	-0,209893	-1	0
1186	-0,209893	-1	0
1187	-0,209893	-1	0
1188	-0,209893	-1	0
1189	-0,209893	-1	0
1190	-0,209893	-1	0
1191	-0,209893	-1	0
1192	-0,209893	-1	0
1193	-0,209893	-1	0
1194	-0,209893	-1	0
1195	-0,209893	-1	0
1196	-0,209893	-1	0
1197	-0,209893	-1	0
1198	-0,209893	-1	0
1199	-0,209893	-1	0
1200	-0,209893	-1	0
1201	-0,209893	-1	0
1202	-0,209893	-1	0
1203	-0,209893	-1	0
1204	-0,209893	-1	0
1205	-0,209893	-1	0
1206	-0,209893	-1	0
1207	-0,209893	-1	0
1208	-0,209893	-1	0
1209	-0,209893	-1	0
1210	-0,209893	-1	0
1211	-0,209893	-1	0
1212	-0,209893	-1	0
1213	-0,209893	-1	0
1214	-0,209893	-1	0
1215	-0,209893	-1	0
1216	-0,209893	-1	0
1217	-0,209893	-1	0
1218	-0,209893	-1	0
1219	-0,209893	-1	0
1220	-0,209893	-1	0
1221	-0,209893	-1	0
1222	-0,209893	-1	0
1223	-0,209893	-1	0
1224	-0,209893	-1	0
1225	-0,209893	-1	0
1226	-0,209893	-1	0
1227	-0,209893	-1	0
1228	-0,209893	-1	0
1229	-0,209893	-1	0
1230	-0,209893	-1	0
1231	-0,209893	-1	0
1232	-0,209893	-1	0
1233	-0,209893	-1	0
1234	-0,209893	-1	0
1235	-0,209893	-1	0
1236	-0,209893	-1	0
1237	-0,209893	-1	0
1238	-0,209893	-1	0
1239	-0,209893	-1	0
1240	-0,209893	-1	0
1241	-0,209893	-1	0
1242	-0,209893	-1	0
1243	-0,209893	-1	0
1244	-0,209893	-1	0
1245	-0,209893	-1	0
1246	-0,209893	-1	0
1247	-0,209893	-1	0
1248	-0,209893	-1	0
1249	-0,209893	-1	0
1250	-0,209893	-1	0
1251	-0,209893	-1	0
1252	-0,209893	-1	0
1253	-0,209893	-1	0
1254	-0,209893	-1	0
1255	-0,209893	-1	0
1256	-0,209893	-1	0
1257	-0,209893	-1	0
1258	-0,209893	-1	0
1259	-0,209893	-1	0
1260	-0,209893	-1	0
1261	-0,209893	-1	0
1262	-0,209893	-1	0
1263	-0,209893	-1	0
1264	-0,209893	-1	0
1265	-0,209893	-1	0
1266	-0,209893	-1	0
1267	-0,209893	-1	0
1268	-0,209893	-1	0
1269	-0,209893	-1	0
1270	-0,209893	-1	0
1271	-0,209893	-1	0
1272	-0,209893	-1	0
1273	-0,209893	-1	0
1274	-0,209893	-1	0
1275	-0,209893	-1	0
1276	-0,209893	-1	0
1277	-0,209893	-1	0
1278	-0,209893	-1	0
1279	-0,209893	-1	0
1280	-0,209893	-1	0
1281	-0,209893	-1	0
1282	-0,209893	-1	0
1283	-0,209893	-1	0
1284	-0,209893	-1	0
1285	-0,209893	-1	0
1286	-0,209893	-1	0
1287	-0,209893	-1	0
1288	-0,209893	-1	0
1289	-0,209893	-1	0
1290	-0,209893	-1	0
1291	-0,209893	-1	0
1292	-0,209893	-1	0
1293	-0,209893	-1	0
1294	-0,209893	-1	0
1295	-0,209893	-1	0
1296	-0,209893	-1	0
1297	-0,209893	-1	0
1298	-0,209893	-1	0
1299	-0,209893	-1	0
1300	-0,209893	-1	0
1301	-0,209893	-1	0
1302	-0,209893	-1	0
1303	-0,209893	-1	0
1304	-0,209893	-1	0
1305	-0,209893	-1	0
1306	-0,209893	-1	0
1307	-0,209893	-1	0
1308	-0,209893	-1	0
1309	-0,209893	-1	0
1310	-0,209893	-1	0
1311	-0,209893	-1	0
1312	-0,209893	-1	0
1313	-0,209893	-1	0
1314	-0,209893	-1	0
1315	-0,209893	-1	0
1316	-0,209893	-1	0
1317	-0,209893	-1	0
1318	-0,209893	-1	0
1319	-0,209893	-1	0
1320	-0,209893	-1	0
1321	-0,209893	-1	0
1322	-0,209893	-1	0
1323	-0,209893	-1	0
1324	-0,209893	-1	0
1325	-0,209893	-1	0
1326	-0,209893	-1	0
1327	-0,209893	-1	0
1328	-0,209893	-1	0
1329	-0,209893	-1	0
1330	-0,209893	-1	0
1331	-0,209893	-1	0
1332	-0,209893	-1	0
1333	-0,209893	-1	0
1334	-0,209893	-1	0
1335	-0,209893	-1	0
1336	-0,209893	-1	0
1337	-0,209893	-1	0
1338	-0,209893	-1	0
1339	-0,209893	-1	0
1340	-0,209893	-1	0
1341	-0,209893	-1	0
1342	-0,209893	-1	0
1343	-0,209893	-1	0
1344	-0,209893	-1	0
1345	-0,209893	-1	0
1346	-0,209893	-1	0
1347	-0,209893	-1	0
1348	-0,209893	-1	0
1349	-0,209893	-1	0
1350	-0,209893	-1	0
1351	-0,209893	-1	0
1352	-0,209893	-1	0
1353	-0,209893	-1	0
1354	-0,209893	-1	0
1355	-0,209893	-1	0
1356	-0,209893	-1	0
1357	-0,209893	-1	0
1358	-0,209893	-1	0
1359	-0,209893	-1	0
1360	-0,209893	-1	0
1361	-0,209893	-1	0
1362	-0,209893	-1	0
1363	-0,209893	-1	0
1364	-0,209893	-1	0
1365	-0,209893	-1	0
1366	-0,209893	-1	0
1367	-0,209893	-1	0
1368	-0,209893	-1	0
1369	-0,209893	-1	0
1370	-0,209893	-1	0
1371	-0,209893	-1	0
1372	-0,209893	-1	0
1373	-0,209893	-1	0
1374	-0,209893	-1	0
1375	-0,209893	-1	0
1376	-0,209893	-1	0
1377	-0,209893	-1	0
1378	-0,209893	-1	0
1379	-0,209893	-1	0
1380	-0,209893	-1	0
1381	-0,209893	-1	0
1382	-0,209893	-1	0
1383	-0,209893	-1	0
1384	-0,209893	-1	0
1385	-0,209893	-1	0
1386	-0,209893	-1	0
1387	-0,209893	-1	0
1388	-0,209893	-1	0
1389	-0,209893	-1	0
1390	-0,209893	-1	0
1391	-0,209893	-1	0
1392	-0,209893	-1	0
1393	-0,209893	-1	0
1394	-0,209893	-1	0
1395	-0,209893	-1	0
1396	-0,209893	-1	0
1397	-0,209893	-1	0
1398	-0,209893	-1	0
1399	-0,209893	-1	0
1400	-0,209893	-1	0
1401	-0,209893	-1	0
1402	-0,209893	-1	0
1403	-0,209893	-1	0
1404	-0,209893	-1	0
1405	-0,209893	-1	0
1406	-0,209893	-1	0
1407	-0,209893	-1	0
1408	-0,209893	-1	0
1409	-0,209893	-1	0
1410	-0,209893	-1	0
1411	-0,209893	-1	0
1412	-0,209893	-1	0
1413	-0,209893	-1	0
1414	-0,209893	-1	0
1415	-0,209893	-1	0
1416	-0,209893	-1	0
1417	-0,209893	-1	0
1418	-0,209893	-1	0
1419	-0,209893	-1	0
1420	-0,209893	-1	0
1421	-0,209893	-1	0
1422	-0,209893	-1	0
1423	-0,209893	-1	0
1424	-0,209893	-1	0
1425	-0,209893	-1	0
1426	-0,209893	-1	0
1427	-0,209893	-1	0
1428	-0,209893	-1	0
1429	-0,209893	-1	0
1430	-0,209893	-1	0
1431	-0,209893	-1	0
1432	-0,209893	-1	0
1433	-0,209893	-1	0
1434	-0,209893	-1	0
1435	-0,209893	-1	0
1436	-0,209893	-1	0
1437	-0,209893	-1	0
1438	-0,209893	-1	0
1439	-0,209893	-1	0
1440	-0,209893	-1	0
1441	-0,209893	-1	0
1442	-0,209893	-1	0
1443	-0,209893	-1	0
1444	-0,209893	-1	0
1445	-0,209893	-1	0
1446	-0,209893	-1	0
1447	-0,209893	-1	0
1448	-0,209893	-1	0
1449	-0,209893	-1	0
1450	-0,209893	-1	0
1451	-0,209893	-1	0
1452	-0,209893	-1	0
1453	-0,209893	-1	0
1454	-0,209893	-1	0
1455	-0,209893	-1	0
1456	-0,209893	-1	0
1457	-0,209893	-1	0
1458	-0,209893	-1	0
1459	-0,209893	-1	0
1460	-0,209893	-1	0
1461	-0,209893	-1	0
1462	-0,209893	-1	0
1463	-0,209893	-1	0
1464	-0,209893	-1	0
1465	-0,209893	-1	0
1466	-0,209893	-1	0
1467	-0,209893	-1	0
1468	-0,209893	-1	0
1469	-0,209893	-1	0
1470	-0,209893	-1	0
1471	-0,209893	-1	0
1472	-0,209893	-1	0
1473	-0,209893	-1	0
1474	-0,209893	-1	0
1475	-0,209893	-1	0
1476	-0,209893	-1	0
1477	-0,209893	-1	0
1478	-0,209893	-1	0
1479	-0,209893	-1	0
1480	-0,209893	-1	0
1481	-0,209893	-1	0
1482	-0,209893	-1	0
1483	-0,209893	-1	0
1484	-0,209893	-1	0
1485	-0,209893	-1	0
1486	-0,209893	-1	0
1487	-0,209893	-1	0
1488	-0,209893	-1	0
1489	-0,209893	-1	0
1490	-0,209893	-1	0
1491	-0,209893	-1	0
1492	-0,209893	-1	0
1493	-0,209893	-1	0
1494	-0,209893	-1	0
1495	-0,209893	-1	0
1496	-0,209893	-1	0
1497	-0,209893	-1	0
1498	-0,209893	-1	0
1499	-0,209893	-1	0